Business_Model,Year,Revenue,Operating_Profit,Net_Profit,Cumulative_Profit,ROI_Percent,Success_Probability,Initial_Investment,Risk_Adjusted_ROI
AI-Enhanced Local Service Business,2029,94277.0,32997.0,31997.0,91050.0,1821.0,0.75,5000,1365.75
Sustainable Energy AI Consulting,2029,63020.0,18906.0,18106.0,54529.0,1363.2,0.6,4000,817.92
Community Token Pre-Order System,2029,33084.0,8271.0,7671.0,26239.0,874.6,0.4,3000,349.84000000000003
Creative Content + Token Rewards,2029,33084.0,8271.0,7671.0,26239.0,874.6,0.4,3000,349.84000000000003
Local Food Network with Tokens,2029,33084.0,8271.0,7671.0,26239.0,874.6,0.4,3000,349.84000000000003
AI Tutoring + Community Currency,2029,33084.0,8271.0,7671.0,26239.0,874.6,0.4,3000,349.84000000000003
Digital Art Creation + NFT Tokens,2029,33084.0,8271.0,7671.0,26239.0,874.6,0.4,3000,349.84000000000003
Urban Agriculture + Token Economy,2029,33084.0,8271.0,7671.0,26239.0,874.6,0.4,3000,349.84000000000003
